date_time,count,mean
0,364,920.0934065934066
1,365,554.2109589041096
2,359,408.7103064066852
3,363,385.80716253443524
4,362,728.1270718232045
5,362,2161.779005524862
6,362,4222.2790055248615
7,362,4819.53591160221
8,361,4683.515235457064
9,361,4475.681440443213
10,363,4278.203856749311
11,364,4575.035714285715
12,364,4807.173076923077
13,364,4810.7032967032965
14,365,5001.030136986301
15,363,5333.35261707989
16,363,5834.36914600551
17,363,5484.413223140496
18,364,4416.271978021978
19,364,3421.4835164835163
20,364,2974.9505494505493
21,364,2796.565934065934
22,364,2348.5576923076924
23,363,1577.2258953168043
