antecedents,consequents,support,confidence,lift
day_weekend AND time_overnight,congestion_Low,0.06434996919285274,0.8963268108479231,3.5852188830988245
time_overnight AND weather_Clouds,congestion_Low,0.05882932840418977,0.8595606769895572,3.4381579720870743
time_overnight AND weather_Clear,congestion_Low,0.08308071472581639,0.8568886629384851,3.427470179291111
time_overnight,congestion_Low,0.21422057917436846,0.8532443310101109,3.412893210837465
time_late_evening AND weather_Clouds,congestion_Medium,0.051435613062230434,0.8398390342052313,3.359273345118026
day_weekday AND time_overnight,congestion_Low,0.14987060998151572,0.8359912015397306,3.343882393777067
day_weekday AND time_morning,congestion_Severe,0.09673444239063463,0.8235417540914813,3.2947354242025098
day_weekend AND time_late_evening,congestion_Medium,0.039654959950708564,0.8225971370143149,3.2903074560682004
time_late_evening,congestion_Medium,0.13905113986444856,0.8210128055878929,3.2839702865466043
day_weekday AND time_late_evening,congestion_Medium,0.09939617991373999,0.8203824247355573,3.2814488252804845
time_late_evening AND weather_Clear,congestion_Medium,0.05202711028958718,0.8134874759152216,3.2538697097062417
day_weekend AND time_midday,congestion_High,0.0574245224892175,0.8056708160442599,3.2222861863968304
day_weekend AND time_evening,congestion_High,0.03482439926062847,0.7367049009384776,2.9464565160747886
day_weekend AND time_morning,congestion_Medium,0.030363524337646334,0.6426708398539385,2.5706200046405314
time_morning,congestion_Severe,0.09673444239063463,0.5873110878348048,2.3496497129656086
time_morning AND weather_Clouds,congestion_Severe,0.03186691312384473,0.5837471783295711,2.3353916151372855
time_midday,congestion_High,0.1449414664202095,0.5824502327423988,2.3295138682624774
time_midday AND weather_Clear,congestion_High,0.0415033887861984,0.5812909906800139,2.324877471349587
time_midday AND weather_Clouds,congestion_High,0.06213185459026494,0.5603467437208268,2.241110805960823
