dimension,group,n,MAE,proxy_F1
weather_main,Clear,2121,188.92162049710132,0.0
weather_main,Clouds,1878,224.39130727110043,0.0
weather_main,Drizzle,31,181.56561885593413,0.0
weather_main,Fog,183,625.5591309413494,0.75
weather_main,Haze,81,234.75749851593736,1.0
weather_main,Mist,593,158.3466898181653,0.9723756906077348
weather_main,Rain,557,182.61537077967674,0.0
weather_main,Smoke,2,127.97538667893605,1.0
weather_main,Snow,376,401.1961572910052,0.9081081081081082
weather_main,Thunderstorm,265,203.99250432871742,0.9420289855072463
hour,0,254,104.5744530120325,0.0
hour,1,254,65.90458111850246,0.0
hour,2,246,49.49647728067495,0.0
hour,3,251,31.562175511428805,0.0
hour,4,253,57.583010162794,0.0
hour,5,253,151.65187371085958,0.0
hour,6,253,190.04632235028484,1.0
hour,7,252,310.97315455789595,0.993103448275862
hour,8,253,316.8387720602469,0.9640287769784173
hour,9,253,261.2454055612899,0.9285714285714286
hour,10,254,235.15928787315426,0.9312977099236641
hour,11,254,246.4808222235467,0.9292929292929293
hour,12,254,251.37349057821513,0.968421052631579
hour,13,254,256.28087351397227,0.9629629629629629
hour,14,254,272.0149336200112,0.9428571428571428
hour,15,255,274.09643341954353,0.9382716049382716
hour,16,255,351.44016780940996,0.9090909090909091
hour,17,255,327.663854169664,0.9230769230769231
hour,18,255,284.0255947355493,0.891566265060241
hour,19,255,242.5025438711735,0.5714285714285714
hour,20,255,227.2686038450702,0.0
hour,21,255,271.0744965342713,0.0
hour,22,255,317.88160047876244,0.4
hour,23,255,263.26134053217237,0.0
weekend,False,4321,194.73961492633404,0.9587357330992098
weekend,True,1766,294.7570989284932,0.8222222222222222
