feature,mean_absolute_SHAP
numeric__hour_cos,1438.5280244175156
numeric__hour,470.5043479620931
numeric__hour_sin,204.17039645046157
numeric__day_of_week,156.9733043575126
numeric__day_of_week_sin,141.66203553577878
numeric__is_weekend,124.43036828585201
numeric__temp,70.12877341781466
numeric__day_of_week_cos,55.74601075765269
numeric__month,51.07237485933378
numeric__is_holiday,38.713988695918054
numeric__clouds_all,21.803197083821644
weather__weather_main_Clouds,5.343125450549762
weather__weather_main_Snow,4.416755030326921
numeric__rain_1h,4.035792021907628
weather__weather_main_Clear,3.099165594156852
weather__weather_main_Mist,1.6177611412799622
weather__weather_main_Rain,1.2348907488896106
weather__weather_main_Thunderstorm,1.0885415338916928
weather__weather_main_Haze,0.485965161195804
weather__weather_main_Fog,0.46790204418718456
weather__weather_main_Drizzle,0.0002383867024970516
numeric__snow_1h,0.0
weather__weather_main_Smoke,0.0
weather__weather_main_Squall,0.0
