is_weekend,weather_main,hour,count,mean,temp,rain_1h,snow_1h,clouds_all
0,Clear,0,323,658.1052631578947,279.7022693498452,0.0,0.0,1.4210526315789473
0,Clear,1,300,402.77,278.9856,0.0,0.0,1.5766666666666667
0,Clear,2,295,305.38305084745764,278.13692881355934,0.0,0.0,1.6406779661016948
0,Clear,3,283,362.65724381625444,277.4416572438163,0.0,0.0,1.6254416961130742
0,Clear,4,284,828.2218309859155,276.90989084507044,0.0,0.0,1.5950704225352113
0,Clear,5,261,2706.892720306513,276.802030651341,0.0,0.0,1.6666666666666667
0,Clear,6,263,5502.19391634981,275.7430608365019,0.0,0.0,1.9011406844106464
0,Clear,7,215,6062.716279069768,276.7084697674419,0.0,0.0,1.7534883720930232
0,Clear,8,212,5588.433962264151,278.8990849056604,0.0,0.0,1.8679245283018868
0,Clear,9,232,4971.314655172414,280.8404396551724,0.0,0.0,1.9094827586206897
0,Clear,10,241,4472.419087136929,282.70027800829877,0.0,0.0,2.0
0,Clear,11,251,4740.147410358566,284.41217131474104,0.0,0.0,1.2270916334661355
0,Clear,12,240,4964.283333333334,286.3971166666667,0.0,0.0,1.5958333333333334
0,Clear,13,239,4971.142259414226,286.73277824267785,0.0,0.0,1.1966527196652719
0,Clear,14,219,5290.497716894977,288.36598173515983,0.0,0.0,1.735159817351598
0,Clear,15,222,5657.418918918919,288.19186486486484,0.0,0.0,1.427927927927928
0,Clear,16,236,6254.322033898305,287.92419067796607,0.0,0.0,1.728813559322034
0,Clear,17,221,5865.809954751131,287.2154298642534,0.0,0.0,1.3755656108597285
0,Clear,18,248,4514.399193548387,286.90622983870963,0.0,0.0,1.6733870967741935
0,Clear,19,264,3385.7045454545455,284.39685606060607,0.0,0.0,1.571969696969697
0,Clear,20,292,2894.7328767123286,283.4737260273972,0.0,0.0,1.6575342465753424
0,Clear,21,310,2733.2129032258063,282.49886451612906,0.0,0.0,1.706451612903226
0,Clear,22,332,2190.6746987951806,281.08937048192774,0.0,0.0,1.3765060240963856
0,Clear,23,335,1390.2119402985074,280.46772835820894,0.0,0.0,1.480597014925373
0,Clouds,0,297,646.2760942760942,277.74282828282827,0.0,0.0,66.4949494949495
0,Clouds,1,290,397.9551724137931,276.94493103448275,0.0,0.0,66.63620689655173
0,Clouds,2,281,301.61565836298934,276.97158362989325,0.0,0.0,68.22419928825623
0,Clouds,3,258,357.2480620155039,276.201284883721,0.0,0.0,70.13953488372093
0,Clouds,4,273,794.5384615384615,275.16966666666667,0.0,0.0,69.42124542124542
0,Clouds,5,275,2587.7490909090907,275.1178036363636,0.0,0.0,69.19636363636364
0,Clouds,6,278,5252.064748201439,275.7895053956834,0.0,0.0,67.38848920863309
0,Clouds,7,305,6062.363934426229,275.4133081967213,0.0,0.0,65.3344262295082
0,Clouds,8,332,5475.075301204819,275.8719578313253,0.0,0.0,64.37650602409639
0,Clouds,9,317,4855.198738170347,278.40031230283915,0.0,0.0,63.201892744479494
0,Clouds,10,349,4374.297994269341,279.8104899713467,0.0,0.0,62.39828080229226
0,Clouds,11,338,4642.718934911242,280.43871301775147,0.0,0.0,62.005917159763314
0,Clouds,12,363,4870.380165289256,281.9235716253444,0.0,0.0,61.96969696969697
0,Clouds,13,370,4874.735135135135,281.5769567567568,0.0,0.0,62.394594594594594
0,Clouds,14,420,5208.307142857143,282.8268642857143,0.0,0.0,63.25714285714286
0,Clouds,15,404,5631.141089108911,283.8906707920792,0.0,0.0,61.01732673267327
0,Clouds,16,420,6209.309523809524,282.9037845238095,0.0,0.0,61.68333333333333
0,Clouds,17,397,5840.35516372796,282.1863123425693,0.0,0.0,60.984886649874056
0,Clouds,18,380,4517.3026315789475,281.7533605263158,0.0,0.0,62.49342105263158
0,Clouds,19,366,3306.4945355191257,280.86348907103826,0.0,0.0,64.51639344262296
0,Clouds,20,362,2851.2734806629833,279.952546961326,0.0,0.0,65.58149171270718
0,Clouds,21,324,2675.962962962963,279.3125771604938,0.0,0.0,64.19444444444444
0,Clouds,22,308,2111.529220779221,278.89837337662334,0.0,0.0,67.15259740259741
0,Clouds,23,301,1414.6279069767443,277.981853820598,0.0,0.0,65.99003322259136
0,Drizzle,0,2,559.5,281.975,0.0,0.0,45.5
0,Drizzle,1,5,396.6,282.226,0.0,0.0,58.8
0,Drizzle,2,2,280.0,281.28999999999996,0.0,0.0,90.0
0,Drizzle,3,5,375.2,280.35,0.0,0.0,86.4
0,Drizzle,4,9,828.1111111111111,286.33444444444444,0.0,0.0,69.55555555555556
0,Drizzle,5,4,2777.0,285.4675,0.0,0.0,86.0
0,Drizzle,6,3,5607.0,285.02333333333337,0.0,0.0,90.66666666666667
0,Drizzle,7,1,7068.0,284.96,0.0,0.0,90.0
0,Drizzle,8,2,5836.0,278.38,0.0,0.0,90.0
0,Drizzle,9,2,5502.0,280.48,0.0,0.0,90.0
0,Drizzle,10,1,4812.0,287.1,0.0,0.0,90.0
0,Drizzle,11,3,4846.0,285.8666666666667,0.0,0.0,74.0
0,Drizzle,12,2,4812.0,280.995,0.0,0.0,45.5
0,Drizzle,13,2,4789.5,286.935,0.0,0.0,82.5
0,Drizzle,14,1,5705.0,288.84,0.0,0.0,1.0
0,Drizzle,15,4,5849.75,282.32,0.0,0.0,90.0
0,Drizzle,16,5,6660.0,287.67400000000004,0.0,0.0,72.6
0,Drizzle,17,3,6077.0,282.08,0.0,0.0,90.66666666666667
0,Drizzle,18,3,4468.333333333333,278.84999999999997,0.0,0.0,90.66666666666667
0,Drizzle,19,2,3052.5,285.88,0.0,0.0,50.5
0,Drizzle,20,3,2852.0,277.7233333333333,0.0,0.0,74.0
0,Drizzle,21,4,2545.25,282.085,0.0,0.0,85.0
0,Drizzle,22,4,2204.25,278.155,0.0,0.0,84.0
0,Drizzle,23,4,1554.25,284.065,0.0,0.0,67.75
0,Fog,0,19,609.7368421052631,278.9484210526316,0.028947368421052635,0.003157894736842105,52.36842105263158
0,Fog,1,18,378.8333333333333,280.3544444444444,0.0,0.0,37.888888888888886
0,Fog,2,23,315.4782608695652,279.83652173913043,0.0,0.0,28.565217391304348
0,Fog,3,27,353.5925925925926,279.5974074074074,0.020370370370370372,0.0,40.03703703703704
0,Fog,4,29,835.8965517241379,280.28,0.01793103448275862,0.0,32.44827586206897
0,Fog,5,31,2686.3225806451615,279.77225806451617,0.02064516129032258,0.0,31.35483870967742
0,Fog,6,40,5407.375,279.45324999999997,0.10125000000000002,0.0,32.2
0,Fog,7,39,6008.128205128205,279.65051282051286,0.04025641025641026,0.0,46.15384615384615
0,Fog,8,28,5676.178571428572,278.1389285714286,0.03785714285714286,0.0,58.035714285714285
0,Fog,9,25,4779.56,275.514,0.6803999999999999,0.0,70.36
0,Fog,10,16,4206.5,273.7375,0.190625,0.0,74.9375
0,Fog,11,8,4250.0,274.85875,0.03125,0.0,78.625
0,Fog,12,6,4715.166666666667,276.17833333333334,0.29000000000000004,0.085,90.0
0,Fog,13,8,4629.625,275.1475,0.15875,0.0,86.75
0,Fog,14,7,4582.428571428572,272.53000000000003,0.09714285714285716,0.0,86.28571428571429
0,Fog,15,7,4745.857142857143,272.6485714285714,0.0,0.0,90.0
0,Fog,16,6,5127.0,273.09,0.10666666666666667,0.0,85.66666666666667
0,Fog,17,6,4519.0,273.3,0.041666666666666664,0.0,85.66666666666667
0,Fog,18,5,4156.0,274.01599999999996,0.0,0.0,90.0
0,Fog,19,7,2668.8571428571427,272.3228571428571,0.0,0.0,84.14285714285714
0,Fog,20,4,2892.75,273.3375,0.0,0.0,90.0
0,Fog,21,4,2226.25,269.54499999999996,0.0,0.0,90.0
0,Fog,22,9,2290.8888888888887,274.09222222222223,0.0,0.0,66.11111111111111
0,Fog,23,9,1208.4444444444443,274.4755555555555,0.0,0.0,63.0
0,Haze,0,4,636.0,266.2175,0.0,0.0,50.25
0,Haze,1,4,367.0,274.265,0.0,0.0,47.75
0,Haze,2,5,280.8,281.23199999999997,0.0,0.0,56.4
0,Haze,3,1,344.0,276.44,0.0,0.0,1.0
0,Haze,4,4,778.25,266.175,0.0,0.0,50.25
0,Haze,5,5,2590.0,271.144,0.0,0.0,69.2
0,Haze,6,5,5206.4,262.758,0.0,0.0,54.4
0,Haze,7,6,5810.5,261.3866666666667,0.0,0.0,36.0
0,Haze,8,6,4859.833333333333,273.1816666666667,0.0,0.0,31.333333333333332
0,Haze,9,10,4184.9,270.982,0.0,0.0,48.1
0,Haze,10,12,4487.416666666667,272.3725,0.0,0.0,42.416666666666664
0,Haze,11,21,4792.476190476191,278.4657142857143,0.0,0.0,44.523809523809526
0,Haze,12,14,4935.928571428572,277.67071428571427,0.0,0.0,49.642857142857146
0,Haze,13,20,4919.3,275.82399999999996,0.0,0.0,54.2
0,Haze,14,18,5230.555555555556,276.73555555555555,0.0,0.0,55.19444444444444
0,Haze,15,12,5585.5,282.5358333333333,0.0,0.0,56.583333333333336
0,Haze,16,16,6270.6875,279.628125,0.0,0.0,47.1875
0,Haze,17,10,5832.5,280.643,0.0,0.0,53.6
0,Haze,18,13,4573.307692307692,290.0346153846154,0.0,0.0,23.923076923076923
0,Haze,19,10,3262.3,288.116,0.0,0.0,40.9
0,Haze,20,10,2926.3,289.93,0.0,0.0,38.8
0,Haze,21,10,2955.0,284.671,0.0,0.0,58.5
0,Haze,22,6,2329.6666666666665,279.61,0.0,0.0,50.166666666666664
0,Haze,23,6,1308.3333333333333,275.3933333333334,0.0,0.0,32.833333333333336
0,Mist,0,86,647.9186046511628,281.7222093023256,0.11406976744186047,0.0,56.24418604651163
0,Mist,1,91,392.53846153846155,279.58186813186813,0.12593406593406595,0.0,54.97802197802198
0,Mist,2,96,293.2395833333333,279.3878125,0.13385416666666666,0.0,59.6875
0,Mist,3,98,364.7040816326531,280.2239795918367,0.10438775510204082,0.0,53.295918367346935
0,Mist,4,109,820.2752293577981,280.1547706422018,0.07779816513761469,0.0,54.85321100917431
0,Mist,5,126,2652.2936507936506,280.56396825396826,0.10079365079365078,0.0,53.57142857142857
0,Mist,6,117,5406.222222222223,280.66709401709403,0.21529914529914532,0.0,54.452991452991455
0,Mist,7,125,6289.904,280.22727999999995,0.09632,0.0,59.336
0,Mist,8,124,5638.024193548387,280.47491935483873,0.09064516129032259,0.0,62.00806451612903
0,Mist,9,97,4998.381443298969,280.39134020618553,0.07577319587628865,0.0,68.45360824742268
0,Mist,10,91,4438.549450549451,280.33604395604397,0.09307692307692308,0.0,79.6043956043956
0,Mist,11,66,4665.818181818182,281.2430303030303,0.1687878787878788,0.0,79.27272727272727
0,Mist,12,61,4799.459016393443,280.06639344262294,0.07737704918032787,0.0,83.52459016393442
0,Mist,13,38,4793.1578947368425,279.2578947368421,0.29236842105263156,0.0,83.5
0,Mist,14,46,5205.04347826087,280.5020652173913,0.16282608695652173,0.0,84.15217391304348
0,Mist,15,35,5639.228571428572,279.34285714285716,0.12742857142857142,0.0,87.6
0,Mist,16,43,6327.953488372093,281.1120930232558,0.17906976744186046,0.0,83.3953488372093
0,Mist,17,43,5927.069767441861,279.77046511627907,0.38046511627906976,0.0,88.30232558139535
0,Mist,18,44,4387.477272727273,279.7428636363636,0.18454545454545457,0.0,85.27272727272727
0,Mist,19,44,3174.5227272727275,280.06204545454545,0.15977272727272726,0.0,83.0909090909091
0,Mist,20,44,2749.5454545454545,280.0813636363636,0.15863636363636363,0.0,76.9090909090909
0,Mist,21,56,2665.285714285714,280.54571428571427,0.11017857142857143,0.0,66.85714285714286
0,Mist,22,56,2027.0714285714287,278.70410714285714,0.09178571428571429,0.0,65.08928571428571
0,Mist,23,83,1288.132530120482,280.27506024096385,0.0827710843373494,0.0,65.2289156626506
0,Rain,0,65,647.123076923077,284.9391692307692,0.3767692307692308,0.0,69.73846153846154
0,Rain,1,62,389.7741935483871,285.5656451612903,0.40338709677419354,0.0,71.35483870967742
0,Rain,2,77,298.31168831168833,285.6481818181818,1.0825974025974026,0.0,69.0909090909091
0,Rain,3,81,371.1358024691358,287.0562962962963,0.6162962962962963,0.0,56.60493827160494
0,Rain,4,57,835.4561403508771,285.71398245614034,0.4356140350877193,0.0,66.63157894736842
0,Rain,5,58,2735.8793103448274,284.42449999999997,0.44862068965517243,0.0,76.96551724137932
0,Rain,6,67,5501.462686567164,284.5334925373134,0.4976119402985075,0.0,76.65671641791045
0,Rain,7,62,6173.225806451613,284.6955483870968,0.6503225806451612,0.0,66.69354838709677
0,Rain,8,53,5602.377358490566,285.4047924528302,0.7109433962264151,0.0,68.77358490566037
0,Rain,9,57,4957.9473684210525,284.0541578947368,0.43122807017543857,0.0,69.40350877192982
0,Rain,10,54,4368.611111111111,284.7701296296296,0.31074074074074076,0.0,76.62962962962963
0,Rain,11,72,4699.347222222223,285.7304027777778,1.2713888888888887,0.0,73.43055555555556
0,Rain,12,76,4866.486842105263,285.3773947368421,0.33,0.0,77.89473684210526
0,Rain,13,82,4906.512195121952,285.7097073170732,0.29341463414634145,0.0,74.08536585365853
0,Rain,14,75,5250.6,284.28416000000004,0.3608,0.0,77.30666666666667
0,Rain,15,78,5670.974358974359,286.2471794871795,0.42217948717948717,0.0,72.7948717948718
0,Rain,16,76,6289.644736842105,286.9176315789474,0.670921052631579,0.0,72.0657894736842
0,Rain,17,87,5871.137931034483,287.4207356321839,0.7696551724137932,0.0,74.25287356321839
0,Rain,18,85,4476.964705882353,288.51429411764707,0.3789411764705882,0.0,69.97647058823529
0,Rain,19,85,3256.5882352941176,288.36876470588237,0.745764705882353,0.0,70.83529411764705
0,Rain,20,72,2802.0416666666665,287.66555555555556,0.47805555555555557,0.0,67.97222222222223
0,Rain,21,81,2573.1481481481483,286.4864074074074,0.7103703703703703,0.0,72.0246913580247
0,Rain,22,80,2046.35,286.6983375,0.40675,0.0,64.25
0,Rain,23,71,1388.9154929577464,285.4035070422535,0.3440845070422535,0.0,65.5774647887324
0,Smoke,13,1,4307.0,290.94,0.38,0.0,75.0
0,Smoke,14,1,4888.0,291.49,0.0,0.0,92.0
0,Smoke,15,1,5205.0,293.22,4.57,0.0,90.0
0,Smoke,16,1,6006.0,294.16,5.59,0.0,1.0
0,Smoke,17,1,5861.0,294.68,0.0,0.0,40.0
0,Smoke,18,1,4264.0,294.54,0.0,0.0,75.0
0,Smoke,19,1,3040.0,294.02,0.0,0.0,1.0
0,Smoke,20,1,2561.0,293.46,0.0,0.0,1.0
0,Snow,0,62,631.3064516129032,268.04999999999995,0.23758064516129032,0.002096774193548387,83.53225806451613
0,Snow,1,67,389.14925373134326,267.3349253731343,0.005671641791044776,0.0032835820895522386,81.1044776119403
0,Snow,2,70,312.2142857142857,267.76257142857145,0.0,0.0,83.54285714285714
0,Snow,3,68,358.9264705882353,267.0976470588235,0.0,0.0011764705882352942,75.61764705882354
0,Snow,4,68,802.6029411764706,267.3569117647059,0.0,0.0007352941176470588,83.25
0,Snow,5,57,2460.1929824561403,267.16701754385963,0.0,0.0008771929824561404,76.36842105263158
0,Snow,6,59,4981.35593220339,267.5549152542373,0.0,0.0008474576271186442,77.83050847457628
0,Snow,7,58,5517.827586206897,267.54155172413795,0.0,0.0008620689655172415,80.56896551724138
0,Snow,8,64,4912.265625,266.80776041666667,0.023750000000000004,0.0015625,78.296875
0,Snow,9,61,4517.88524590164,266.6655737704918,0.02081967213114754,0.001639344262295082,80.08196721311475
0,Snow,10,76,4133.960526315789,267.06855263157894,0.03789473684210526,0.0006578947368421052,76.25
0,Snow,11,65,4417.123076923077,267.5049230769231,0.01753846153846154,0.0,74.87692307692308
0,Snow,12,73,4621.876712328767,267.7754794520548,0.003424657534246575,0.000821917808219178,75.23287671232876
0,Snow,13,53,4650.396226415094,268.6141509433962,0.016981132075471698,0.0047169811320754715,77.30188679245283
0,Snow,14,50,4835.36,269.32869999999997,0.005,0.0074,80.22
0,Snow,15,56,5397.732142857143,268.91375,0.036250000000000004,0.0033928571428571428,78.35714285714286
0,Snow,16,48,5703.5625,269.0257291666667,0.0078125,0.009375,84.1875
0,Snow,17,41,5380.219512195122,268.71987804878046,0.006097560975609756,0.0,84.5609756097561
0,Snow,18,49,4137.408163265306,270.2354081632653,0.03612244897959184,0.0024489795918367346,83.63265306122449
0,Snow,19,47,3063.553191489362,269.31340425531914,0.005319148936170213,0.0,85.48936170212765
0,Snow,20,53,2579.264150943396,269.0516981132075,0.02150943396226415,0.0,83.83018867924528
0,Snow,21,56,2480.8035714285716,268.8844642857143,0.027142857142857142,0.008928571428571428,83.26785714285714
0,Snow,22,53,1983.0943396226414,268.2567924528302,0.01905660377358491,0.00830188679245283,85.86792452830188
0,Snow,23,59,1254.7457627118645,268.02338983050845,0.4864406779661017,0.010338983050847458,83.79661016949153
0,Squall,14,1,4211.0,296.73,1.02,0.0,75.0
0,Squall,20,1,3216.0,295.03,5.97,0.0,64.0
0,Thunderstorm,0,14,642.9285714285714,291.75928571428574,3.2757142857142862,0.0,76.28571428571429
0,Thunderstorm,1,15,398.26666666666665,292.298,1.8526666666666667,0.0,61.8
0,Thunderstorm,2,14,319.92857142857144,291.9771428571429,1.1942857142857142,0.0,60.142857142857146
0,Thunderstorm,3,16,358.875,292.251875,3.4275,0.0,62.375
0,Thunderstorm,4,20,841.45,292.88800000000003,2.269,0.0,66.1
0,Thunderstorm,5,17,2752.705882352941,291.75117647058823,1.9735294117647058,0.0,66.29411764705883
0,Thunderstorm,6,14,5428.642857142857,291.85714285714283,3.2235714285714283,0.0,76.5
0,Thunderstorm,7,15,5941.8,291.0733333333334,2.6173333333333333,0.0,79.93333333333334
0,Thunderstorm,8,16,5696.375,290.92312499999997,2.9875000000000003,0.0,72.375
0,Thunderstorm,9,7,5025.857142857143,287.81142857142856,3.07,0.0,90.0
0,Thunderstorm,10,15,4430.733333333334,289.3863333333333,2.106666666666667,0.0,77.8
0,Thunderstorm,11,8,4391.25,291.25625,1.92875,0.0,86.5
0,Thunderstorm,12,11,4903.181818181818,291.99363636363637,1.520909090909091,0.0,84.0
0,Thunderstorm,13,8,4578.875,296.06125,2.18375,0.0,72.0
0,Thunderstorm,14,12,5262.5,294.875,1.96,0.0,68.79166666666667
0,Thunderstorm,15,10,5556.9,291.493,0.485,0.0,79.7
0,Thunderstorm,16,7,5971.428571428572,292.8171428571428,1.4114285714285713,0.0,62.42857142857143
0,Thunderstorm,17,13,5820.307692307692,294.87923076923073,0.5438461538461539,0.0,73.15384615384616
0,Thunderstorm,18,16,4228.8125,294.8225,0.631875,0.0,66.6875
0,Thunderstorm,19,18,3211.6111111111113,293.3077777777778,1.4794444444444443,0.0,53.55555555555556
0,Thunderstorm,20,18,2721.1111111111113,292.39000000000004,1.0422222222222222,0.0,68.61111111111111
0,Thunderstorm,21,14,2466.0714285714284,293.3978571428571,2.5100000000000002,0.0,51.285714285714285
0,Thunderstorm,22,15,1840.0,291.774,1.8606666666666667,0.0,59.53333333333333
0,Thunderstorm,23,15,1298.8,291.01533333333333,0.736,0.0,79.2
1,Clear,0,139,1336.474820143885,277.6935251798561,0.0,0.0,1.0575539568345325
1,Clear,1,151,827.774834437086,277.0801655629139,0.0,0.0,1.0927152317880795
1,Clear,2,129,634.077519379845,276.3873255813953,0.0,0.0,1.0232558139534884
1,Clear,3,119,402.4201680672269,275.7744957983193,0.0,0.0,1.050420168067227
1,Clear,4,134,379.55970149253733,275.2097686567164,0.0,0.0,1.0111940298507462
1,Clear,5,125,634.952,275.60562400000003,0.0,0.0,1.08
1,Clear,6,116,1104.6379310344828,273.5711551724138,0.0,0.0,0.9396551724137931
1,Clear,7,106,1635.1603773584907,275.8017358490566,0.0,0.0,0.9528301886792453
1,Clear,8,118,2390.5169491525426,277.0849830508474,0.0,0.0,1.1610169491525424
1,Clear,9,105,3081.847619047619,279.01795238095235,0.0,0.0,1.1428571428571428
1,Clear,10,129,3760.186046511628,280.36651162790696,0.0,0.0,1.069767441860465
1,Clear,11,103,4009.4174757281553,282.09603883495146,0.0,0.0,1.3106796116504855
1,Clear,12,106,4385.83962264151,282.95694339622645,0.0,0.0,1.2735849056603774
1,Clear,13,96,4352.1875,284.4262395833333,0.0,0.0,1.3125
1,Clear,14,94,4340.627659574468,285.59384042553194,0.0,0.0,1.2553191489361701
1,Clear,15,99,4380.606060606061,286.224797979798,0.0,0.0,1.1414141414141414
1,Clear,16,98,4421.714285714285,285.2317857142857,0.0,0.0,1.2653061224489797
1,Clear,17,94,4193.68085106383,285.10696808510636,0.0,0.0,1.3191489361702127
1,Clear,18,109,3821.2477064220184,285.5315596330275,0.0,0.0,1.348623853211009
1,Clear,19,118,3288.1101694915255,284.6435593220339,0.0,0.0,1.3559322033898304
1,Clear,20,124,2883.0403225806454,282.6876612903226,0.0,0.0,1.467741935483871
1,Clear,21,126,2677.8492063492063,281.76373809523807,0.0,0.0,1.9126984126984128
1,Clear,22,139,2390.3093525179856,280.49078417266185,0.0,0.0,0.9640287769784173
1,Clear,23,133,1720.7894736842106,279.9801578947368,0.0,0.0,1.6090225563909775
1,Clouds,0,107,1268.018691588785,278.58580373831774,0.0,0.0,66.74766355140187
1,Clouds,1,102,808.0294117647059,277.2217254901961,0.0,0.0,70.27450980392157
1,Clouds,2,101,620.049504950495,276.8160891089109,0.0,0.0,66.65346534653466
1,Clouds,3,98,403.81632653061223,277.6907755102041,0.0,0.0,65.01020408163265
1,Clouds,4,101,381.2079207920792,277.31141584158416,0.0,0.0,64.36633663366337
1,Clouds,5,111,652.8558558558559,276.5199369369369,0.0,0.0,64.09909909909909
1,Clouds,6,100,1103.04,276.89258,0.0,0.0,63.07
1,Clouds,7,119,1630.2100840336134,276.02794957983195,0.0,0.0,59.97478991596638
1,Clouds,8,117,2369.2991452991455,277.8282393162393,0.0,0.0,61.111111111111114
1,Clouds,9,122,3165.0819672131147,280.0126393442623,0.0,0.0,60.959016393442624
1,Clouds,10,127,3696.9212598425197,279.7282992125984,0.0,0.0,64.37795275590551
1,Clouds,11,137,4078.306569343066,282.03242335766424,0.0,0.0,65.26277372262774
1,Clouds,12,156,4410.50641025641,283.44785256410256,0.0,0.0,62.583333333333336
1,Clouds,13,169,4411.360946745562,283.5021538461539,0.0,0.0,63.68639053254438
1,Clouds,14,169,4384.579881656805,284.1727869822485,0.0,0.0,61.52662721893491
1,Clouds,15,156,4362.333333333333,284.46557051282053,0.0,0.0,62.88461538461539
1,Clouds,16,157,4360.585987261146,284.23371974522297,0.0,0.0,61.81528662420382
1,Clouds,17,162,4175.123456790124,284.3028549382716,0.0,0.0,63.19135802469136
1,Clouds,18,146,3886.0753424657532,282.50401369863016,0.0,0.0,64.15753424657534
1,Clouds,19,138,3230.804347826087,281.6879420289855,0.0,0.0,63.98550724637681
1,Clouds,20,142,2737.288732394366,280.99088732394364,0.0,0.0,65.28873239436619
1,Clouds,21,129,2668.3488372093025,280.9948217054264,0.0,0.0,65.7984496124031
1,Clouds,22,125,2417.264,280.028256,0.0,0.0,66.16
1,Clouds,23,126,1625.452380952381,279.38534920634925,0.0,0.0,64.58730158730158
1,Drizzle,0,1,1259.0,289.47,0.0,0.0,90.0
1,Drizzle,1,1,727.0,292.04,0.0,0.0,90.0
1,Drizzle,2,4,613.25,285.83,0.0,0.0,47.0
1,Drizzle,3,2,319.0,277.22,0.0,0.0,45.5
1,Drizzle,4,3,386.3333333333333,281.71999999999997,0.0,0.0,60.333333333333336
1,Drizzle,6,1,882.0,273.66,0.0,0.0,90.0
1,Drizzle,7,2,1212.5,285.87,0.0,0.0,65.0
1,Drizzle,8,3,2386.3333333333335,281.49,0.0,0.0,85.0
1,Drizzle,9,2,3440.5,282.71000000000004,0.0,0.0,90.0
1,Drizzle,10,1,3404.0,274.95,0.0,0.0,90.0
1,Drizzle,11,1,4094.0,276.96,0.0,0.0,90.0
1,Drizzle,13,3,4797.666666666667,281.7,0.0,0.0,85.0
1,Drizzle,14,2,4782.5,281.795,0.0,0.0,90.0
1,Drizzle,15,2,4383.5,287.155,0.0,0.0,91.0
1,Drizzle,16,2,4487.0,290.635,0.0,0.0,83.0
1,Drizzle,17,1,4201.0,278.88,0.0,0.0,90.0
1,Drizzle,20,3,3011.0,285.13666666666666,0.0,0.0,90.66666666666667
1,Drizzle,21,1,3494.0,283.24,0.0,0.0,90.0
1,Drizzle,22,2,1617.0,279.9,0.0,0.0,82.5
1,Fog,0,9,1183.888888888889,281.1355555555555,0.0,0.0,37.666666666666664
1,Fog,1,10,738.8,279.778,0.0,0.0,51.6
1,Fog,2,11,578.0,281.5372727272727,0.022727272727272728,0.0,39.90909090909091
1,Fog,3,15,400.93333333333334,282.5146666666667,0.03666666666666667,0.0,39.4
1,Fog,4,16,380.625,279.9625,0.015625,0.0,58.0625
1,Fog,5,18,615.5555555555555,280.7733333333333,0.0,0.0,61.55555555555556
1,Fog,6,17,1063.8235294117646,280.8982352941176,0.04411764705882353,0.0,55.294117647058826
1,Fog,7,16,1564.0,278.941875,0.015625,0.0,55.0
1,Fog,8,15,2221.0666666666666,274.356,0.016666666666666666,0.0,55.266666666666666
1,Fog,9,6,2778.1666666666665,276.00333333333333,0.0,0.0,68.33333333333333
1,Fog,10,6,3292.8333333333335,272.04333333333335,0.0,0.0,69.0
1,Fog,11,3,3772.0,275.12666666666667,0.0,0.0,90.0
1,Fog,12,2,4223.0,275.34000000000003,0.0,0.0,90.0
1,Fog,13,2,2108.5,285.22,6.73,0.0,90.0
1,Fog,14,2,5084.5,275.75,0.0,0.0,90.0
1,Fog,15,2,4529.0,275.805,0.0,0.0,90.0
1,Fog,16,3,3944.6666666666665,272.5466666666667,0.0,0.0,90.0
1,Fog,17,4,3687.5,272.975,0.0,0.0,90.0
1,Fog,18,2,3504.0,275.095,0.0,0.0,90.0
1,Fog,19,3,2801.6666666666665,274.60999999999996,0.0,0.0,90.0
1,Fog,20,3,2557.6666666666665,276.4633333333333,0.0,0.0,53.0
1,Fog,21,7,2498.5714285714284,277.8828571428572,0.0,0.0,79.14285714285714
1,Fog,22,6,2565.3333333333335,279.4583333333333,0.0,0.0,53.5
1,Fog,23,8,1841.5,277.9925,0.0,0.0,59.625
1,Haze,0,3,1529.0,282.94666666666666,0.0,0.0,55.333333333333336
1,Haze,1,2,913.5,278.985,0.0,0.0,45.5
1,Haze,2,2,780.0,278.5,0.0,0.0,45.5
1,Haze,3,2,377.5,280.32,0.0,0.0,1.0
1,Haze,4,2,379.5,262.22,0.0,0.0,45.5
1,Haze,5,1,458.0,284.5,0.0,0.0,1.0
1,Haze,6,2,1053.0,271.18499999999995,0.0,0.0,32.5
1,Haze,7,5,1527.6,267.572,0.0,0.0,49.2
1,Haze,8,5,2386.4,268.898,0.0,0.0,59.2
1,Haze,9,5,2595.2,279.944,0.0,0.0,66.2
1,Haze,10,4,2701.75,281.6325,0.0,0.0,41.75
1,Haze,11,5,3330.6,277.684,0.0,0.0,26.6
1,Haze,12,7,4223.142857142857,280.4042857142857,0.0,0.0,34.57142857142857
1,Haze,13,4,3434.75,278.76,0.0,0.0,47.5
1,Haze,14,6,4281.333333333333,281.33,0.0,0.0,29.333333333333332
1,Haze,15,3,3965.6666666666665,287.78666666666663,0.0,0.0,51.666666666666664
1,Haze,16,7,3863.285714285714,273.9514285714286,0.0,0.0,56.57142857142857
1,Haze,17,3,3348.3333333333335,291.1566666666667,0.0,0.0,43.666666666666664
1,Haze,18,4,3804.0,290.4525,0.0,0.0,28.0
1,Haze,19,2,2589.0,292.305,0.0,0.0,1.0
1,Haze,20,1,2598.0,298.64,0.0,0.0,1.0
1,Haze,21,3,2045.0,284.7966666666667,0.0,0.0,25.666666666666668
1,Haze,22,3,1640.3333333333333,276.6766666666667,0.0,0.0,1.0
1,Haze,23,4,716.0,282.93,0.0,0.0,64.0
1,Mist,0,29,1266.9655172413793,281.0593103448276,0.017586206896551725,0.0,56.6551724137931
1,Mist,1,33,819.969696969697,279.6342424242424,0.012727272727272726,0.0,53.75757575757576
1,Mist,2,32,623.96875,277.9334375,0.0159375,0.0,45.84375
1,Mist,3,33,386.8484848484849,278.40575757575755,0.07,0.0,48.96969696969697
1,Mist,4,35,378.0857142857143,280.982,0.02142857142857143,0.0,45.51428571428571
1,Mist,5,39,657.2051282051282,280.42358974358973,0.07153846153846154,0.0,44.0
1,Mist,6,46,1035.9565217391305,280.55304347826086,0.10673913043478261,0.0,47.47826086956522
1,Mist,7,42,1445.7619047619048,280.90666666666664,0.10214285714285715,0.0,59.642857142857146
1,Mist,8,38,2120.8684210526317,279.43026315789473,0.18394736842105264,0.0,65.36842105263158
1,Mist,9,34,2975.176470588235,278.06823529411764,0.13647058823529412,0.0,70.11764705882354
1,Mist,10,31,3617.8387096774195,280.3167741935484,0.12870967741935485,0.0,78.64516129032258
1,Mist,11,33,4137.181818181818,280.3548484848485,0.1887878787878788,0.0,75.93939393939394
1,Mist,12,23,4289.434782608696,280.41565217391303,0.09695652173913043,0.0,84.95652173913044
1,Mist,13,20,4360.35,280.33975,0.0,0.0,85.4
1,Mist,14,17,4209.176470588235,280.9514705882353,0.08735294117647058,0.0,83.6470588235294
1,Mist,15,20,4311.35,281.307,0.1105,0.0,83.15
1,Mist,16,22,4091.0,281.175,0.5372727272727272,0.0,85.77272727272727
1,Mist,17,21,3784.2380952380954,280.9233333333333,0.12047619047619049,0.0,84.23809523809524
1,Mist,18,17,3694.6470588235293,279.84941176470585,0.0,0.0,87.47058823529412
1,Mist,19,22,2961.7727272727275,279.18227272727273,0.011363636363636364,0.0,80.54545454545455
1,Mist,20,16,2618.4375,277.5125,0.015625,0.0,81.375
1,Mist,21,16,2409.1875,275.143125,0.0325,0.0,71.5
1,Mist,22,25,2255.2,276.73,0.12359999999999999,0.0,71.44
1,Mist,23,31,1664.0,277.69032258064516,0.1329032258064516,0.0,61.41935483870968
1,Rain,0,32,1340.1875,287.74068750000004,0.2121875,0.0,64.6875
1,Rain,1,23,834.8695652173913,288.27617391304346,0.2595652173913044,0.0,64.78260869565217
1,Rain,2,25,633.8,289.02328,0.3072,0.0,62.32
1,Rain,3,26,412.61538461538464,288.5546153846154,0.49038461538461536,0.0,53.34615384615385
1,Rain,4,15,354.2,288.26733333333334,0.6293333333333333,0.0,62.6
1,Rain,5,14,652.9285714285714,285.115,0.5235714285714286,0.0,75.21428571428571
1,Rain,6,13,1059.6923076923076,289.5346153846154,0.47000000000000003,0.0,68.84615384615384
1,Rain,7,18,1406.4444444444443,285.39166666666665,0.3872222222222222,0.0,72.27777777777777
1,Rain,8,16,2255.0625,285.63625,0.476875,0.0,79.875
1,Rain,9,18,3068.0,285.20827777777777,0.3361111111111111,0.0,67.33333333333333
1,Rain,10,18,3688.8888888888887,288.2127222222222,0.48888888888888893,0.0,55.888888888888886
1,Rain,11,21,4077.6190476190477,287.33804761904764,0.45809523809523806,0.0,55.333333333333336
1,Rain,12,23,4282.347826086957,286.5923913043478,0.46565217391304353,0.0,57.47826086956522
1,Rain,13,29,4527.103448275862,284.86672413793104,0.6117241379310344,0.0,58.827586206896555
1,Rain,14,27,4497.7037037037035,287.2851851851852,0.5744444444444445,0.0,70.94444444444444
1,Rain,15,21,4464.857142857143,284.353380952381,0.6971428571428571,0.0,64.61904761904762
1,Rain,16,30,4432.1,290.76236666666665,0.305,0.0,68.4
1,Rain,17,27,4314.185185185185,290.0252222222222,0.9062962962962963,0.0,61.03703703703704
1,Rain,18,27,3704.6296296296296,288.2324444444444,0.43037037037037035,0.0,71.18518518518519
1,Rain,19,24,3284.2916666666665,286.1415416666667,0.8308333333333334,0.0,78.20833333333333
1,Rain,20,24,2832.5833333333335,288.40754166666665,0.225625,0.0,67.79166666666667
1,Rain,21,27,2829.5185185185187,286.9897037037037,0.3211111111111111,0.0,72.22222222222223
1,Rain,22,22,2497.681818181818,287.1637272727273,0.4336363636363636,0.0,66.86363636363636
1,Rain,23,24,1805.9583333333333,286.57829166666664,0.34833333333333333,0.0,68.41666666666667
1,Smoke,1,1,890.0,290.67,0.0,0.0,90.0
1,Smoke,2,1,630.0,288.85,0.0,0.0,40.0
1,Smoke,3,1,420.0,287.7,0.0,0.0,75.0
1,Smoke,4,1,367.0,286.4,0.0,0.0,90.0
1,Smoke,5,1,723.0,285.29,0.0,0.0,90.0
1,Smoke,6,1,1347.0,283.29,0.0,0.0,40.0
1,Smoke,7,1,2182.0,283.83,0.0,0.0,40.0
1,Smoke,8,1,3139.0,285.6,0.0,0.0,1.0
1,Smoke,9,1,4085.0,287.35,0.0,0.0,75.0
1,Snow,0,18,1064.7222222222222,267.1627777777778,0.08444444444444446,0.0,84.83333333333333
1,Snow,1,18,690.7222222222222,267.3377777777778,0.013888888888888888,0.0,88.55555555555556
1,Snow,2,24,561.5833333333334,268.04291666666666,0.02666666666666667,0.0,85.125
1,Snow,3,22,365.6363636363636,267.1009090909091,0.023181818181818182,0.0,86.45454545454545
1,Snow,4,25,332.92,267.2016,0.0204,0.0,83.24
1,Snow,5,20,534.45,266.2235,0.0125,0.0,86.65
1,Snow,6,24,951.7083333333334,265.84291666666667,0.0,0.0,82.41666666666667
1,Snow,7,22,1485.1818181818182,266.1454545454545,0.0,0.0,86.45454545454545
1,Snow,8,25,2107.72,266.4288,0.01,0.002,76.2
1,Snow,9,25,2963.0,266.4344,0.01,0.0084,77.6
1,Snow,10,24,3464.625,267.0445833333333,0.010416666666666666,0.0025,78.45833333333333
1,Snow,11,21,3878.7619047619046,266.01190476190476,0.0,0.0,83.19047619047619
1,Snow,12,19,4274.315789473684,267.37578947368416,0.05368421052631579,0.0,79.94736842105263
1,Snow,13,18,4356.333333333333,268.4188888888889,0.0,0.0,75.66666666666667
1,Snow,14,17,4285.0,267.2105882352941,0.0,0.0,77.23529411764706
1,Snow,15,18,4192.166666666667,268.5772222222222,0.0,0.0,83.5
1,Snow,16,16,4112.4375,268.35875,0.0,0.0,84.1875
1,Snow,17,16,3918.5,266.30125,0.015625,0.0,81.75
1,Snow,18,16,3446.3125,268.983125,0.0,0.0,89.0625
1,Snow,19,15,2838.0666666666666,267.2593333333333,0.0,0.0,86.53333333333333
1,Snow,20,16,2489.875,267.611875,0.015625,0.0,82.0
1,Snow,21,17,2520.4117647058824,266.27058823529416,0.0,0.0,77.47058823529412
1,Snow,22,18,2391.9444444444443,267.07500000000005,0.013888888888888888,0.0,79.88888888888889
1,Snow,23,18,1412.7222222222222,267.4194444444445,0.013888888888888888,0.0,75.38888888888889
1,Squall,2,1,420.0,284.28,0.0,0.0,75.0
1,Squall,4,1,400.0,293.51,6.94,0.0,90.0
1,Thunderstorm,0,5,1430.8,292.00600000000003,0.954,0.0,73.0
1,Thunderstorm,1,9,786.5555555555555,290.15222222222224,2.8266666666666667,0.0,61.22222222222222
1,Thunderstorm,2,10,569.7,292.092,1.7920000000000003,0.0,46.1
1,Thunderstorm,3,9,352.22222222222223,291.78999999999996,1.6422222222222222,0.0,51.55555555555556
1,Thunderstorm,4,11,372.8181818181818,290.50363636363636,1.5054545454545456,0.0,68.27272727272727
1,Thunderstorm,5,15,628.6,290.0210666666666,3.5039999999999996,0.0,61.78666666666666
1,Thunderstorm,6,10,1116.6,289.713,4.381,0.0,77.0
1,Thunderstorm,7,9,1723.0,290.5611111111111,5.292222222222223,0.0,81.55555555555556
1,Thunderstorm,8,7,2478.4285714285716,289.85,1.1514285714285715,0.0,85.71428571428571
1,Thunderstorm,9,5,3114.4,291.904,1.0639999999999998,0.0,51.4
1,Thunderstorm,10,3,2362.6666666666665,290.2733333333333,1.7366666666666666,0.0,85.0
1,Thunderstorm,11,3,2699.0,292.67333333333335,4.083333333333333,0.0,85.66666666666667
1,Thunderstorm,12,2,2367.0,293.92,4.71,0.0,90.0
1,Thunderstorm,13,2,4663.5,288.76,4.57,0.0,90.0
1,Thunderstorm,14,4,3215.0,295.5875,1.8924999999999998,0.0,91.0
1,Thunderstorm,15,6,3627.5,294.84166666666664,0.8799999999999999,0.0,79.66666666666667
1,Thunderstorm,16,6,4263.333333333333,297.52666666666664,2.4766666666666666,0.0,87.16666666666667
1,Thunderstorm,17,6,4137.0,295.84999999999997,1.906666666666667,0.0,85.0
1,Thunderstorm,18,8,3878.875,294.94124999999997,0.29625,0.0,71.25
1,Thunderstorm,19,8,3274.5,296.13,0.25749999999999995,0.0,53.875
1,Thunderstorm,20,11,2849.2727272727275,292.72818181818184,1.3509090909090908,0.0,74.45454545454545
1,Thunderstorm,21,10,2371.5,289.979,4.157,0.0,75.2
1,Thunderstorm,22,7,1968.2857142857142,290.9171428571429,1.0757142857142856,0.0,83.57142857142857
1,Thunderstorm,23,5,1489.8,294.74,2.554,0.0,59.6
